clase,n_original,n_duplicadas,n_grupos_distintos,%_duplicadas,copias_por_grupo,n_sin_duplicar,%_dataset_original,%_dataset_sin_duplicar
Generic,215481,190103,25378,88.22,8.49,25378,8.48,1.23
DoS,16353,10688,5665,65.36,2.89,5665,0.64,0.28
Exploits,44525,16926,27599,38.01,1.61,27599,1.75,1.34
Analysis,2677,493,2184,18.42,1.23,2184,0.11,0.11
Backdoors,2329,346,1983,14.86,1.17,1983,0.09,0.1
Benign,2218764,258993,1959771,11.67,1.13,1959771,87.35,95.16
Fuzzers,24246,2451,21795,10.11,1.11,21795,0.95,1.06
Reconnaissance,13987,630,13357,4.5,1.05,13357,0.55,0.65
Worms,174,3,171,1.72,1.02,171,0.01,0.01
Shellcode,1511,0,1511,0.0,1.0,1511,0.06,0.07
