variable,skew_train,transformar,skew_tras_log1p
dur,525.0416,True,3.8422
sbytes,154.4509,True,0.1847
trans_depth,134.5741,True,3.1482
sloss,123.4021,True,0.2395
Djit,98.263,True,0.8512
Sjit,48.6714,True,0.4582
ackdat,33.1582,True,18.2099
synack,30.0787,True,17.4322
tcprtt,23.8984,True,12.777
Spkts,23.8961,True,0.3143
Dintpkt,23.735,True,1.54
Sintpkt,17.5694,True,1.7434
ct_flw_http_mthd,15.5613,True,4.5985
ct_ftp_cmd,15.1666,True,8.9488
res_bdy_len,13.9052,True,3.6165
Sload,9.6613,True,0.0316
dloss,8.868,True,0.6231
dbytes,8.5563,True,-0.6416
Dpkts,8.011,True,0.096
dttl,4.9661,True,-1.5447
ct_src_dport_ltm,3.7106,True,2.1477
smeansz,3.5795,True,1.9455
ct_dst_sport_ltm,3.499,True,2.4044
ct_dst_ltm,3.3427,True,1.0522
ct_state_ttl,3.2079,True,2.6128
ct_src_ ltm,3.1479,True,0.8826
ct_dst_src_ltm,2.964,True,1.6283
sttl,2.5284,True,1.0127
ct_srv_dst,2.4987,True,0.5846
ct_srv_src,2.4132,True,0.5206
Dload,1.8383,True,-1.3962
dmeansz,1.294,True,-1.1744
stcpb,0.5998,False,-0.4961
dtcpb,0.5988,False,-0.4954
dsport_efimero,0.1927,False,0.1927
dwin,-0.512,False,-0.512
swin,-0.5168,False,-0.5168
sport_efimero,-6.3863,True,-6.3863
